<?xml version="1.0"?>
<!--<!DOCTYPE metadata SYSTEM "http://www.esri.com/metadata/esriprof80.dtd">-->
<metadata xml:lang="en"><Esri><MetaID>{10D2FF63-FA04-49EB-9663-FFE99F538A16}</MetaID><CreaDate>20070126</CreaDate><CreaTime>16381600</CreaTime><SyncOnce>FALSE</SyncOnce><SyncDate>20131211</SyncDate><SyncTime>12510200</SyncTime><ModDate>20131211</ModDate><ModTime>12510200</ModTime><DataProperties><lineage><Process ToolSource="C:\Program Files\ArcGIS\ArcToolbox\Toolboxes\Data Management Tools.tbx\AddSpatialIndex" Date="20100623" Time="110243">AddSpatialIndex "Database Connections\FTQW.sde\FTQW.military_operations\FTQW.mil_special_use_airspace_area" 1000 10000 100000 "Database Connections\FTQW.sde\FTQW.military_operations\FTQW.mil_special_use_airspace_area"</Process><Process ToolSource="C:\Program Files (x86)\ArcGIS\Desktop10.0\ArcToolbox\Toolboxes\Data Management Tools.tbx\CalculateField" Date="20120927" Time="143952">CalculateField FTQW.mil_special_use_airspace_area INSTLN_ID "AK" VB #</Process><Process ToolSource="c:\program files (x86)\arcgis\desktop10.1\ArcToolbox\Toolboxes\Conversion Tools.tbx\FeatureClassToFeatureClass" Date="20131211" Time="125103">FeatureClassToFeatureClass "Database Connections\FTQW.sde\FTQW.military_operations\FTQW.mil_special_use_airspace_area" C:\Users\1375923935E\Desktop\Airspace Alaska_airspace.shp # "SUBTYPEID "SubType identifier" true true false 4 Long 0 10 ,First,#,Database Connections\FTQW.sde\FTQW.military_operations\FTQW.mil_special_use_airspace_area,SUBTYPEID,-1,-1;OPS_ID "Primary Key Identifier" true true true 20 Text 0 0 ,First,#,Database Connections\FTQW.sde\FTQW.military_operations\FTQW.mil_special_use_airspace_area,OPS_ID,-1,-1;MAP_ID "FOREIGN KEY JOIN to cmgenmap" true true false 4 Long 0 10 ,First,#,Database Connections\FTQW.sde\FTQW.military_operations\FTQW.mil_special_use_airspace_area,MAP_ID,-1,-1;META_ID "FOREIGN KEY JOIN to cmgenmet" true true false 20 Text 0 0 ,First,#,Database Connections\FTQW.sde\FTQW.military_operations\FTQW.mil_special_use_airspace_area,META_ID,-1,-1;MEDIA_ID "FOREIGN KEY JOIN to cmmedmed" true true false 20 Text 0 0 ,First,#,Database Connections\FTQW.sde\FTQW.military_operations\FTQW.mil_special_use_airspace_area,MEDIA_ID,-1,-1;COORD_ID "FOREIGN KEY JOIN to cmgencrd" true true false 20 Text 0 0 ,First,#,Database Connections\FTQW.sde\FTQW.military_operations\FTQW.mil_special_use_airspace_area,COORD_ID,-1,-1;OPS_U_D "Operations Unit of Measure Code" true true false 16 Text 0 0 ,First,#,Database Connections\FTQW.sde\FTQW.military_operations\FTQW.mil_special_use_airspace_area,OPS_U_D,-1,-1;OPS_TYP_D "Operations Type Code" true true false 16 Text 0 0 ,First,#,Database Connections\FTQW.sde\FTQW.military_operations\FTQW.mil_special_use_airspace_area,OPS_TYP_D,-1,-1;AC_TYP_D "Aircraft Type Code" true true false 16 Text 0 0 ,First,#,Database Connections\FTQW.sde\FTQW.military_operations\FTQW.mil_special_use_airspace_area,AC_TYP_D,-1,-1;AC_AFFIL_D "Aircraft Affiliation Code" true true false 16 Text 0 0 ,First,#,Database Connections\FTQW.sde\FTQW.military_operations\FTQW.mil_special_use_airspace_area,AC_AFFIL_D,-1,-1;TRAF_PATT "Traffic Pattern Descriptive Text" true true false 20 Text 0 0 ,First,#,Database Connections\FTQW.sde\FTQW.military_operations\FTQW.mil_special_use_airspace_area,TRAF_PATT,-1,-1;NUM_DAYOPS "Number of Daytime Operations Quantity" true true false 2 Short 0 4 ,First,#,Database Connections\FTQW.sde\FTQW.military_operations\FTQW.mil_special_use_airspace_area,NUM_DAYOPS,-1,-1;NUM_EVEOPS "Number of Evening Operations Quantity" true true false 2 Short 0 4 ,First,#,Database Connections\FTQW.sde\FTQW.military_operations\FTQW.mil_special_use_airspace_area,NUM_EVEOPS,-1,-1;NUM_NITOPS "Number of Darkness Operations Quantity" true true false 2 Short 0 4 ,First,#,Database Connections\FTQW.sde\FTQW.military_operations\FTQW.mil_special_use_airspace_area,NUM_NITOPS,-1,-1;NUM_TOTOPS "Number of Total Operations Quantity" true true false 2 Short 0 4 ,First,#,Database Connections\FTQW.sde\FTQW.military_operations\FTQW.mil_special_use_airspace_area,NUM_TOTOPS,-1,-1;AREA_SIZE "Area" true true false 8 Double 8 38 ,First,#,Database Connections\FTQW.sde\FTQW.military_operations\FTQW.mil_special_use_airspace_area,AREA_SIZE,-1,-1;AREA_U_D "Area Size Unit of Measure Code" true true false 16 Text 0 0 ,First,#,Database Connections\FTQW.sde\FTQW.military_operations\FTQW.mil_special_use_airspace_area,AREA_U_D,-1,-1;PERIM "Perimeter Dimension" true true false 8 Double 8 38 ,First,#,Database Connections\FTQW.sde\FTQW.military_operations\FTQW.mil_special_use_airspace_area,PERIM,-1,-1;PERIM_U_D "Perimeter Unit of Measure Code" true true false 16 Text 0 0 ,First,#,Database Connections\FTQW.sde\FTQW.military_operations\FTQW.mil_special_use_airspace_area,PERIM_U_D,-1,-1;PWR_PROF "Power Profile Name" true true false 20 Text 0 0 ,First,#,Database Connections\FTQW.sde\FTQW.military_operations\FTQW.mil_special_use_airspace_area,PWR_PROF,-1,-1;AIRSAF_ID "FOREIGN KEY JOIN to mltnglzn" true true false 20 Text 0 0 ,First,#,Database Connections\FTQW.sde\FTQW.military_operations\FTQW.mil_special_use_airspace_area,AIRSAF_ID,-1,-1;USER_FLAG "User Flag Text" true true false 20 Text 0 0 ,First,#,Database Connections\FTQW.sde\FTQW.military_operations\FTQW.mil_special_use_airspace_area,USER_FLAG,-1,-1;INSTLN_ID "FOREIGN KEY JOIN to cddodins" true true false 20 Text 0 0 ,First,#,Database Connections\FTQW.sde\FTQW.military_operations\FTQW.mil_special_use_airspace_area,INSTLN_ID,-1,-1;FACIL_ID "FOREIGN KEY JOIN to cmgenfac" true true false 20 Text 0 0 ,First,#,Database Connections\FTQW.sde\FTQW.military_operations\FTQW.mil_special_use_airspace_area,FACIL_ID,-1,-1;GRID_VALUE "Graphic Attribute Raster GValue" true true false 8 Double 8 38 ,First,#,Database Connections\FTQW.sde\FTQW.military_operations\FTQW.mil_special_use_airspace_area,GRID_VALUE,-1,-1;FEAT_DESC "Feature Descriptive Text" true true false 60 Text 0 0 ,First,#,Database Connections\FTQW.sde\FTQW.military_operations\FTQW.mil_special_use_airspace_area,FEAT_DESC,-1,-1;COORD_X "X Coordinate" true true false 8 Double 8 38 ,First,#,Database Connections\FTQW.sde\FTQW.military_operations\FTQW.mil_special_use_airspace_area,COORD_X,-1,-1;COORD_Y "Y Coordinate" true true false 8 Double 8 38 ,First,#,Database Connections\FTQW.sde\FTQW.military_operations\FTQW.mil_special_use_airspace_area,COORD_Y,-1,-1;COORD_Z "Z Coordinate" true true false 8 Double 8 38 ,First,#,Database Connections\FTQW.sde\FTQW.military_operations\FTQW.mil_special_use_airspace_area,COORD_Z,-1,-1;SPC_ZON_ID "FOREIGN KEY JOIN to trairzon" true true false 20 Text 0 0 ,First,#,Database Connections\FTQW.sde\FTQW.military_operations\FTQW.mil_special_use_airspace_area,SPC_ZON_ID,-1,-1;MILSPC_D "Airspace Area Type Discriminator Code" true true false 16 Text 0 0 ,First,#,Database Connections\FTQW.sde\FTQW.military_operations\FTQW.mil_special_use_airspace_area,MILSPC_D,-1,-1;ATC_ID "FOREIGN KEY JOIN to trafiatc" true true false 20 Text 0 0 ,First,#,Database Connections\FTQW.sde\FTQW.military_operations\FTQW.mil_special_use_airspace_area,ATC_ID,-1,-1;SC_AGNC_ID "FOREIGN KEY JOIN to mlarisch" true true false 20 Text 0 0 ,First,#,Database Connections\FTQW.sde\FTQW.military_operations\FTQW.mil_special_use_airspace_area,SC_AGNC_ID,-1,-1;AIRDIS_D "Disposition Airspace Identifier" true true false 16 Text 0 0 ,First,#,Database Connections\FTQW.sde\FTQW.military_operations\FTQW.mil_special_use_airspace_area,AIRDIS_D,-1,-1;FLOOR_ALT "Floor Altitude Dimension" true true false 4 Long 0 10 ,First,#,Database Connections\FTQW.sde\FTQW.military_operations\FTQW.mil_special_use_airspace_area,FLOOR_ALT,-1,-1;OWNER_ID "FOREIGN KEY JOIN to cmgenown" true true false 50 Text 0 0 ,First,#,Database Connections\FTQW.sde\FTQW.military_operations\FTQW.mil_special_use_airspace_area,OWNER_ID,-1,-1;ALT_U_D "Altitude Unit of Measure Code" true true false 16 Text 0 0 ,First,#,Database Connections\FTQW.sde\FTQW.military_operations\FTQW.mil_special_use_airspace_area,ALT_U_D,-1,-1;AGENCY_ID "FOREIGN KEY JOIN to cmgenagc" true true false 50 Text 0 0 ,First,#,Database Connections\FTQW.sde\FTQW.military_operations\FTQW.mil_special_use_airspace_area,AGENCY_ID,-1,-1;CEIL_ALT "Ceiling Altitude Dimension" true true false 4 Long 0 10 ,First,#,Database Connections\FTQW.sde\FTQW.military_operations\FTQW.mil_special_use_airspace_area,CEIL_ALT,-1,-1;SHAPE_AREA "SHAPE_AREA" false false true 0 Double 0 0 ,First,#,Database Connections\FTQW.sde\FTQW.military_operations\FTQW.mil_special_use_airspace_area,SHAPE.AREA,-1,-1;SHAPE_LEN "SHAPE_LEN" false false true 0 Double 0 0 ,First,#,Database Connections\FTQW.sde\FTQW.military_operations\FTQW.mil_special_use_airspace_area,SHAPE.LEN,-1,-1" #</Process></lineage><itemProps><itemName Sync="TRUE">Alaska_airspace</itemName><imsContentType Sync="TRUE">002</imsContentType><itemSize Sync="TRUE">0.000</itemSize><itemLocation><linkage Sync="TRUE">file://\\52FTQWW3-150N11\C$\Users\1375923935E\Desktop\Airspace\Alaska_airspace.shp</linkage><protocol Sync="TRUE">Local Area Network</protocol></itemLocation></itemProps><coordRef><type Sync="TRUE">Projected</type><geogcsn Sync="TRUE">GCS_WGS_1984</geogcsn><csUnits Sync="TRUE">Linear Unit: Meter (1.000000)</csUnits><projcsn Sync="TRUE">WGS_1984_UTM_Zone_6N</projcsn><peXml Sync="TRUE">&lt;ProjectedCoordinateSystem xsi:type='typens:ProjectedCoordinateSystem' xmlns:xsi='http://www.w3.org/2001/XMLSchema-instance' xmlns:xs='http://www.w3.org/2001/XMLSchema' xmlns:typens='http://www.esri.com/schemas/ArcGIS/10.1'&gt;&lt;WKT&gt;PROJCS[&amp;quot;WGS_1984_UTM_Zone_6N&amp;quot;,GEOGCS[&amp;quot;GCS_WGS_1984&amp;quot;,DATUM[&amp;quot;D_WGS_1984&amp;quot;,SPHEROID[&amp;quot;WGS_1984&amp;quot;,6378137.0,298.257223563]],PRIMEM[&amp;quot;Greenwich&amp;quot;,0.0],UNIT[&amp;quot;Degree&amp;quot;,0.0174532925199433]],PROJECTION[&amp;quot;Transverse_Mercator&amp;quot;],PARAMETER[&amp;quot;False_Easting&amp;quot;,500000.0],PARAMETER[&amp;quot;False_Northing&amp;quot;,0.0],PARAMETER[&amp;quot;Central_Meridian&amp;quot;,-147.0],PARAMETER[&amp;quot;Scale_Factor&amp;quot;,0.9996],PARAMETER[&amp;quot;Latitude_Of_Origin&amp;quot;,0.0],UNIT[&amp;quot;Meter&amp;quot;,1.0],AUTHORITY[&amp;quot;EPSG&amp;quot;,32606]]&lt;/WKT&gt;&lt;XOrigin&gt;-5120900&lt;/XOrigin&gt;&lt;YOrigin&gt;-9998100&lt;/YOrigin&gt;&lt;XYScale&gt;450445547.3910538&lt;/XYScale&gt;&lt;ZOrigin&gt;-100000&lt;/ZOrigin&gt;&lt;ZScale&gt;10000&lt;/ZScale&gt;&lt;MOrigin&gt;-100000&lt;/MOrigin&gt;&lt;MScale&gt;10000&lt;/MScale&gt;&lt;XYTolerance&gt;0.001&lt;/XYTolerance&gt;&lt;ZTolerance&gt;0.001&lt;/ZTolerance&gt;&lt;MTolerance&gt;0.001&lt;/MTolerance&gt;&lt;HighPrecision&gt;true&lt;/HighPrecision&gt;&lt;WKID&gt;32606&lt;/WKID&gt;&lt;LatestWKID&gt;32606&lt;/LatestWKID&gt;&lt;/ProjectedCoordinateSystem&gt;</peXml></coordRef></DataProperties></Esri><idinfo><native Sync="TRUE">Microsoft Windows Vista Version 6.1 (Build 7601) Service Pack 1; ESRI ArcCatalog 9.3.1.3500</native><descript><langdata Sync="TRUE">en</langdata><abstract>Special use airspace (SUA) is a three-dimensional region of airspace for activities which must be confined because of their nature. Limitations may be imposed upon aircraft operations that are not a part of the airspace activities. Special use airspace includes any associated underlying surface and subsurface training areas.  The types of SUA are Alert Area, Controlled Firing Area, Military Operating Area (MOA), Prohibited Area, Restricted Area, and Warning Area.</abstract><purpose>For Illustrative purposes (NOT for NAVAGATION) of local flying area </purpose></descript><citation><citeinfo><origin>REQUIRED: The name of an organization or individual that developed the data set.</origin><pubdate>REQUIRED: The date when the data set is published or otherwise made available for release.</pubdate><title Sync="TRUE">FTQW.mil_special_use_airspace_area</title><ftname Sync="TRUE">FTQW.mil_special_use_airspace_area</ftname><geoform Sync="TRUE">vector digital data</geoform><onlink Sync="TRUE">Server=eidb05; Service=5151; User=FTQW; Version=SDE.DEFAULT</onlink></citeinfo></citation><timeperd><current>publication date</current><timeinfo><sngdate><caldate>1/6/06</caldate></sngdate></timeinfo></timeperd><status><progress>In work</progress><update>Annually</update></status><spdom><bounding><westbc Sync="TRUE">-153.647796</westbc><eastbc Sync="TRUE">-140.446760</eastbc><northbc Sync="TRUE">66.777879</northbc><southbc Sync="TRUE">61.867080</southbc></bounding><lboundng><leftbc Sync="TRUE">206281.109402</leftbc><rightbc Sync="TRUE">789507.105402</rightbc><bottombc Sync="TRUE">6872019.134299</bottombc><topbc Sync="TRUE">7406619.026585</topbc></lboundng></spdom><keywords><theme><themekt>REQUIRED: Reference to a formally registered thesaurus or a similar authoritative source of theme keywords.</themekt><themekey>REQUIRED: Common-use word or phrase used to describe the subject of the data set.</themekey></theme></keywords><accconst>NOT FOR NVAGATION</accconst><useconst>REQUIRED: Restrictions and legal prerequisites for using the data set after access is granted.</useconst><natvform Sync="TRUE">SDE Feature Class</natvform><crossref><citeinfo><origin>U.S. Department of Transportation</origin><pubdate>1/6/06</pubdate><title>Special Use Airspace</title><edition>7400.8M</edition><geoform>vector digital data</geoform></citeinfo></crossref></idinfo><dataIdInfo><envirDesc Sync="TRUE">Microsoft Windows 7 Version 6.1 (Build 7601) Service Pack 1; Esri ArcGIS 10.1.1.3143</envirDesc><dataLang><languageCode Sync="TRUE" value="eng"></languageCode><countryCode value="USA" Sync="TRUE"></countryCode></dataLang><idCitation><resTitle Sync="TRUE">Alaska_airspace</resTitle><presForm><PresFormCd Sync="TRUE" value="005"></PresFormCd></presForm></idCitation><spatRpType><SpatRepTypCd Sync="TRUE" value="001"></SpatRepTypCd></spatRpType><dataExt><geoEle><GeoBndBox esriExtentType="native"><westBL Sync="TRUE">206281.109402</westBL><eastBL Sync="TRUE">789507.105402</eastBL><northBL Sync="TRUE">7406619.026585</northBL><southBL Sync="TRUE">6872019.134299</southBL><exTypeCode Sync="TRUE">1</exTypeCode></GeoBndBox></geoEle></dataExt><geoBox esriExtentType="decdegrees"><westBL Sync="TRUE">-153.647796</westBL><eastBL Sync="TRUE">-140.44676</eastBL><northBL Sync="TRUE">66.777879</northBL><southBL Sync="TRUE">61.86708</southBL><exTypeCode Sync="TRUE">1</exTypeCode></geoBox></dataIdInfo><metainfo><langmeta Sync="TRUE">en</langmeta><metstdn Sync="TRUE">FGDC Content Standards for Digital Geospatial Metadata</metstdn><metstdv Sync="TRUE">FGDC-STD-001-1998</metstdv><mettc Sync="TRUE">local time</mettc><metc><cntinfo><cntorgp><cntper>REQUIRED: The person responsible for the metadata information.</cntper><cntorg>REQUIRED: The organization responsible for the metadata information.</cntorg></cntorgp><cntaddr><addrtype>REQUIRED: The mailing and/or physical address for the organization or individual.</addrtype><city>REQUIRED: The city of the address.</city><state>REQUIRED: The state or province of the address.</state><postal>REQUIRED: The ZIP or other postal code of the address.</postal></cntaddr><cntvoice>REQUIRED: The telephone number by which individuals can speak to the organization or individual.</cntvoice></cntinfo></metc><metd Sync="TRUE">20120525</metd></metainfo><mdLang><languageCode Sync="TRUE" value="eng"></languageCode><countryCode value="USA" Sync="TRUE"></countryCode></mdLang><mdStanName Sync="TRUE">ISO 19115 Geographic Information - Metadata</mdStanName><mdStanVer Sync="TRUE">DIS_ESRI1.0</mdStanVer><mdChar><CharSetCd Sync="TRUE" value="004"></CharSetCd></mdChar><mdHrLv><ScopeCd Sync="TRUE" value="005"></ScopeCd></mdHrLv><mdHrLvName Sync="TRUE">dataset</mdHrLvName><distinfo><resdesc Sync="TRUE">Downloadable Data</resdesc></distinfo><distInfo><distributor><distorTran><onLineSrc><orDesc Sync="TRUE">002</orDesc><linkage Sync="TRUE">Server=eidb05; Service=5151; User=FTQW; Version=SDE.DEFAULT</linkage><protocol Sync="TRUE">ArcSDE Connection</protocol></onLineSrc></distorTran><distorFormat><formatName Sync="TRUE">SDE Feature Class</formatName></distorFormat></distributor><distFormat><formatName Sync="TRUE">Shapefile</formatName></distFormat><distTranOps><transSize Sync="TRUE">0.000</transSize></distTranOps></distInfo><spdoinfo><direct Sync="TRUE">Vector</direct><ptvctinf><esriterm Name="Alaska_airspace"><efeatyp Sync="TRUE">Simple</efeatyp><efeageom code="4" Sync="TRUE"></efeageom><esritopo Sync="TRUE">FALSE</esritopo><efeacnt Sync="TRUE">0</efeacnt><spindex Sync="TRUE">FALSE</spindex><linrefer Sync="TRUE">FALSE</linrefer></esriterm></ptvctinf></spdoinfo><spref><horizsys><cordsysn><geogcsn Sync="TRUE">GCS_WGS_1984</geogcsn><projcsn Sync="TRUE">WGS_1984_UTM_Zone_6N</projcsn></cordsysn><planar><planci><plance Sync="TRUE">coordinate pair</plance><plandu Sync="TRUE">meters</plandu><coordrep><absres Sync="TRUE">0.000286</absres><ordres Sync="TRUE">0.000286</ordres></coordrep></planci></planar><geodetic><horizdn Sync="TRUE">D_WGS_1984</horizdn><ellips Sync="TRUE">WGS_1984</ellips><semiaxis Sync="TRUE">6378137.000000</semiaxis><denflat Sync="TRUE">298.257224</denflat></geodetic></horizsys><vertdef><altsys><altenc Sync="TRUE">Explicit elevation coordinate included with horizontal coordinates</altenc><altres Sync="TRUE">1.000000</altres></altsys></vertdef></spref><refSysInfo><RefSystem><refSysID><identCode Sync="TRUE" code="32606">WGS_1984_UTM_Zone_6N</identCode><idCodeSpace Sync="TRUE">EPSG</idCodeSpace><idVersion Sync="TRUE">7.11.2</idVersion></refSysID></RefSystem></refSysInfo><spatRepInfo><VectSpatRep><geometObjs Name="Alaska_airspace"><geoObjTyp><GeoObjTypCd value="002" Sync="TRUE"></GeoObjTypCd></geoObjTyp><geoObjCnt Sync="TRUE">0</geoObjCnt></geometObjs><topLvl><TopoLevCd value="001" Sync="TRUE"></TopoLevCd></topLvl></VectSpatRep></spatRepInfo><eainfo><detailed Name="Alaska_airspace"><enttyp><enttypl Sync="TRUE">Alaska_airspace</enttypl><enttypt Sync="TRUE">Feature Class</enttypt><enttypc Sync="TRUE">0</enttypc></enttyp><attr><attrlabl Sync="TRUE">SUBTYPEID</attrlabl><attalias Sync="TRUE">SUBTYPEID</attalias><attrtype Sync="TRUE">Double</attrtype><attwidth Sync="TRUE">10</attwidth><atprecis Sync="TRUE">10</atprecis><attscale Sync="TRUE">0</attscale></attr><attr><attrlabl Sync="TRUE">OPS_ID</attrlabl><attalias Sync="TRUE">OPS_ID</attalias><attrtype Sync="TRUE">String</attrtype><attwidth Sync="TRUE">20</attwidth><atprecis Sync="TRUE">0</atprecis><attscale Sync="TRUE">0</attscale></attr><attr><attrlabl Sync="TRUE">MAP_ID</attrlabl><attalias Sync="TRUE">MAP_ID</attalias><attrtype Sync="TRUE">Double</attrtype><attwidth Sync="TRUE">10</attwidth><atprecis Sync="TRUE">10</atprecis><attscale Sync="TRUE">0</attscale></attr><attr><attrlabl Sync="TRUE">META_ID</attrlabl><attalias Sync="TRUE">META_ID</attalias><attrtype Sync="TRUE">String</attrtype><attwidth Sync="TRUE">20</attwidth><atprecis Sync="TRUE">0</atprecis><attscale Sync="TRUE">0</attscale></attr><attr><attrlabl Sync="TRUE">FID</attrlabl><attalias Sync="TRUE">FID</attalias><attrtype Sync="TRUE">OID</attrtype><attwidth Sync="TRUE">4</attwidth><atprecis Sync="TRUE">0</atprecis><attscale Sync="TRUE">0</attscale><attrdef Sync="TRUE">Internal feature number.</attrdef><attrdefs Sync="TRUE">Esri</attrdefs><attrdomv><udom Sync="TRUE">Sequential unique whole numbers that are automatically generated.</udom></attrdomv></attr><attr><attrlabl Sync="TRUE">MEDIA_ID</attrlabl><attalias Sync="TRUE">MEDIA_ID</attalias><attrtype Sync="TRUE">String</attrtype><attwidth Sync="TRUE">20</attwidth><atprecis Sync="TRUE">0</atprecis><attscale Sync="TRUE">0</attscale></attr><attr><attrlabl Sync="TRUE">COORD_ID</attrlabl><attalias Sync="TRUE">COORD_ID</attalias><attrtype Sync="TRUE">String</attrtype><attwidth Sync="TRUE">20</attwidth><atprecis Sync="TRUE">0</atprecis><attscale Sync="TRUE">0</attscale></attr><attr><attrlabl Sync="TRUE">OPS_U_D</attrlabl><attalias Sync="TRUE">OPS_U_D</attalias><attrtype Sync="TRUE">String</attrtype><attwidth Sync="TRUE">16</attwidth><atprecis Sync="TRUE">0</atprecis><attscale Sync="TRUE">0</attscale></attr><attr><attrlabl Sync="TRUE">OPS_TYP_D</attrlabl><attalias Sync="TRUE">OPS_TYP_D</attalias><attrtype Sync="TRUE">String</attrtype><attwidth Sync="TRUE">16</attwidth><atprecis Sync="TRUE">0</atprecis><attscale Sync="TRUE">0</attscale></attr><attr><attrlabl Sync="TRUE">AC_TYP_D</attrlabl><attalias Sync="TRUE">AC_TYP_D</attalias><attrtype Sync="TRUE">String</attrtype><attwidth Sync="TRUE">16</attwidth><atprecis Sync="TRUE">0</atprecis><attscale Sync="TRUE">0</attscale></attr><attr><attrlabl Sync="TRUE">AC_AFFIL_D</attrlabl><attalias Sync="TRUE">AC_AFFIL_D</attalias><attrtype Sync="TRUE">String</attrtype><attwidth Sync="TRUE">16</attwidth><atprecis Sync="TRUE">0</atprecis><attscale Sync="TRUE">0</attscale></attr><attr><attrlabl Sync="TRUE">TRAF_PATT</attrlabl><attalias Sync="TRUE">TRAF_PATT</attalias><attrtype Sync="TRUE">String</attrtype><attwidth Sync="TRUE">20</attwidth><atprecis Sync="TRUE">0</atprecis><attscale Sync="TRUE">0</attscale></attr><attr><attrlabl Sync="TRUE">NUM_DAYOPS</attrlabl><attalias Sync="TRUE">NUM_DAYOPS</attalias><attrtype Sync="TRUE">SmallInteger</attrtype><attwidth Sync="TRUE">4</attwidth><atprecis Sync="TRUE">4</atprecis><attscale Sync="TRUE">0</attscale></attr><attr><attrlabl Sync="TRUE">NUM_EVEOPS</attrlabl><attalias Sync="TRUE">NUM_EVEOPS</attalias><attrtype Sync="TRUE">SmallInteger</attrtype><attwidth Sync="TRUE">4</attwidth><atprecis Sync="TRUE">4</atprecis><attscale Sync="TRUE">0</attscale></attr><attr><attrlabl Sync="TRUE">NUM_NITOPS</attrlabl><attalias Sync="TRUE">NUM_NITOPS</attalias><attrtype Sync="TRUE">SmallInteger</attrtype><attwidth Sync="TRUE">4</attwidth><atprecis Sync="TRUE">4</atprecis><attscale Sync="TRUE">0</attscale></attr><attr><attrlabl Sync="TRUE">NUM_TOTOPS</attrlabl><attalias Sync="TRUE">NUM_TOTOPS</attalias><attrtype Sync="TRUE">SmallInteger</attrtype><attwidth Sync="TRUE">4</attwidth><atprecis Sync="TRUE">4</atprecis><attscale Sync="TRUE">0</attscale></attr><attr><attrlabl Sync="TRUE">AREA_SIZE</attrlabl><attalias Sync="TRUE">AREA_SIZE</attalias><attrtype Sync="TRUE">Double</attrtype><attwidth Sync="TRUE">19</attwidth><atprecis Sync="TRUE">18</atprecis><attscale Sync="TRUE">8</attscale></attr><attr><attrlabl Sync="TRUE">AREA_U_D</attrlabl><attalias Sync="TRUE">AREA_U_D</attalias><attrtype Sync="TRUE">String</attrtype><attwidth Sync="TRUE">16</attwidth><atprecis Sync="TRUE">0</atprecis><attscale Sync="TRUE">0</attscale></attr><attr><attrlabl Sync="TRUE">PERIM</attrlabl><attalias Sync="TRUE">PERIM</attalias><attrtype Sync="TRUE">Double</attrtype><attwidth Sync="TRUE">19</attwidth><atprecis Sync="TRUE">18</atprecis><attscale Sync="TRUE">8</attscale></attr><attr><attrlabl Sync="TRUE">PERIM_U_D</attrlabl><attalias Sync="TRUE">PERIM_U_D</attalias><attrtype Sync="TRUE">String</attrtype><attwidth Sync="TRUE">16</attwidth><atprecis Sync="TRUE">0</atprecis><attscale Sync="TRUE">0</attscale></attr><attr><attrlabl Sync="TRUE">PWR_PROF</attrlabl><attalias Sync="TRUE">PWR_PROF</attalias><attrtype Sync="TRUE">String</attrtype><attwidth Sync="TRUE">20</attwidth><atprecis Sync="TRUE">0</atprecis><attscale Sync="TRUE">0</attscale></attr><attr><attrlabl Sync="TRUE">AIRSAF_ID</attrlabl><attalias Sync="TRUE">AIRSAF_ID</attalias><attrtype Sync="TRUE">String</attrtype><attwidth Sync="TRUE">20</attwidth><atprecis Sync="TRUE">0</atprecis><attscale Sync="TRUE">0</attscale></attr><attr><attrlabl Sync="TRUE">USER_FLAG</attrlabl><attalias Sync="TRUE">USER_FLAG</attalias><attrtype Sync="TRUE">String</attrtype><attwidth Sync="TRUE">20</attwidth><atprecis Sync="TRUE">0</atprecis><attscale Sync="TRUE">0</attscale></attr><attr><attrlabl Sync="TRUE">INSTLN_ID</attrlabl><attalias Sync="TRUE">INSTLN_ID</attalias><attrtype Sync="TRUE">String</attrtype><attwidth Sync="TRUE">20</attwidth><atprecis Sync="TRUE">0</atprecis><attscale Sync="TRUE">0</attscale></attr><attr><attrlabl Sync="TRUE">FACIL_ID</attrlabl><attalias Sync="TRUE">FACIL_ID</attalias><attrtype Sync="TRUE">String</attrtype><attwidth Sync="TRUE">20</attwidth><atprecis Sync="TRUE">0</atprecis><attscale Sync="TRUE">0</attscale></attr><attr><attrlabl Sync="TRUE">GRID_VALUE</attrlabl><attalias Sync="TRUE">GRID_VALUE</attalias><attrtype Sync="TRUE">Double</attrtype><attwidth Sync="TRUE">19</attwidth><atprecis Sync="TRUE">18</atprecis><attscale Sync="TRUE">8</attscale></attr><attr><attrlabl Sync="TRUE">FEAT_DESC</attrlabl><attalias Sync="TRUE">FEAT_DESC</attalias><attrtype Sync="TRUE">String</attrtype><attwidth Sync="TRUE">60</attwidth><atprecis Sync="TRUE">0</atprecis><attscale Sync="TRUE">0</attscale></attr><attr><attrlabl Sync="TRUE">COORD_X</attrlabl><attalias Sync="TRUE">COORD_X</attalias><attrtype Sync="TRUE">Double</attrtype><attwidth Sync="TRUE">19</attwidth><atprecis Sync="TRUE">18</atprecis><attscale Sync="TRUE">8</attscale></attr><attr><attrlabl Sync="TRUE">COORD_Y</attrlabl><attalias Sync="TRUE">COORD_Y</attalias><attrtype Sync="TRUE">Double</attrtype><attwidth Sync="TRUE">19</attwidth><atprecis Sync="TRUE">18</atprecis><attscale Sync="TRUE">8</attscale></attr><attr><attrlabl Sync="TRUE">COORD_Z</attrlabl><attalias Sync="TRUE">COORD_Z</attalias><attrtype Sync="TRUE">Double</attrtype><attwidth Sync="TRUE">19</attwidth><atprecis Sync="TRUE">18</atprecis><attscale Sync="TRUE">8</attscale></attr><attr><attrlabl Sync="TRUE">SPC_ZON_ID</attrlabl><attalias Sync="TRUE">SPC_ZON_ID</attalias><attrtype Sync="TRUE">String</attrtype><attwidth Sync="TRUE">20</attwidth><atprecis Sync="TRUE">0</atprecis><attscale Sync="TRUE">0</attscale></attr><attr><attrlabl Sync="TRUE">MILSPC_D</attrlabl><attalias Sync="TRUE">MILSPC_D</attalias><attrtype Sync="TRUE">String</attrtype><attwidth Sync="TRUE">16</attwidth><atprecis Sync="TRUE">0</atprecis><attscale Sync="TRUE">0</attscale></attr><attr><attrlabl Sync="TRUE">ATC_ID</attrlabl><attalias Sync="TRUE">ATC_ID</attalias><attrtype Sync="TRUE">String</attrtype><attwidth Sync="TRUE">20</attwidth><atprecis Sync="TRUE">0</atprecis><attscale Sync="TRUE">0</attscale></attr><attr><attrlabl Sync="TRUE">SC_AGNC_ID</attrlabl><attalias Sync="TRUE">SC_AGNC_ID</attalias><attrtype Sync="TRUE">String</attrtype><attwidth Sync="TRUE">20</attwidth><atprecis Sync="TRUE">0</atprecis><attscale Sync="TRUE">0</attscale></attr><attr><attrlabl Sync="TRUE">AIRDIS_D</attrlabl><attalias Sync="TRUE">AIRDIS_D</attalias><attrtype Sync="TRUE">String</attrtype><attwidth Sync="TRUE">16</attwidth><atprecis Sync="TRUE">0</atprecis><attscale Sync="TRUE">0</attscale></attr><attr><attrlabl Sync="TRUE">FLOOR_ALT</attrlabl><attalias Sync="TRUE">FLOOR_ALT</attalias><attrtype Sync="TRUE">Double</attrtype><attwidth Sync="TRUE">10</attwidth><atprecis Sync="TRUE">10</atprecis><attscale Sync="TRUE">0</attscale></attr><attr><attrlabl Sync="TRUE">OWNER_ID</attrlabl><attalias Sync="TRUE">OWNER_ID</attalias><attrtype Sync="TRUE">String</attrtype><attwidth Sync="TRUE">50</attwidth><atprecis Sync="TRUE">0</atprecis><attscale Sync="TRUE">0</attscale></attr><attr><attrlabl Sync="TRUE">ALT_U_D</attrlabl><attalias Sync="TRUE">ALT_U_D</attalias><attrtype Sync="TRUE">String</attrtype><attwidth Sync="TRUE">16</attwidth><atprecis Sync="TRUE">0</atprecis><attscale Sync="TRUE">0</attscale></attr><attr><attrlabl Sync="TRUE">AGENCY_ID</attrlabl><attalias Sync="TRUE">AGENCY_ID</attalias><attrtype Sync="TRUE">String</attrtype><attwidth Sync="TRUE">50</attwidth><atprecis Sync="TRUE">0</atprecis><attscale Sync="TRUE">0</attscale></attr><attr><attrlabl Sync="TRUE">CEIL_ALT</attrlabl><attalias Sync="TRUE">CEIL_ALT</attalias><attrtype Sync="TRUE">Double</attrtype><attwidth Sync="TRUE">10</attwidth><atprecis Sync="TRUE">10</atprecis><attscale Sync="TRUE">0</attscale></attr><attr><attrlabl Sync="TRUE">SHAPE</attrlabl><attalias Sync="TRUE">Shape</attalias><attrtype Sync="TRUE">Geometry</attrtype><attwidth Sync="TRUE">0</attwidth><atprecis Sync="TRUE">0</atprecis><attscale Sync="TRUE">0</attscale><attrdef Sync="TRUE">Feature geometry.</attrdef><attrdefs Sync="TRUE">ESRI</attrdefs><attrdomv><udom Sync="TRUE">Coordinates defining the features.</udom></attrdomv></attr><subtype><stname Sync="TRUE">GENERAL</stname><stcode Sync="TRUE">201044</stcode><stfield><stfldnm Sync="TRUE">OPS_U_D</stfldnm><stflddd><domname Sync="TRUE">d_uom</domname><domdesc Sync="TRUE">unit of measure</domdesc><domtype Sync="TRUE">Coded Value</domtype><mrgtype Sync="TRUE">Default value</mrgtype><splttype Sync="TRUE">Duplicate</splttype><domowner Sync="TRUE">FTQW</domowner><domfldtp Sync="TRUE">String</domfldtp></stflddd></stfield><stfield><stfldnm Sync="TRUE">OPS_TYP_D</stfldnm><stflddd><domname Sync="TRUE">d_opstyp</domname><domdesc Sync="TRUE">military - operations</domdesc><domtype Sync="TRUE">Coded Value</domtype><mrgtype Sync="TRUE">Default value</mrgtype><splttype Sync="TRUE">Duplicate</splttype><domowner Sync="TRUE">FTQW</domowner><domfldtp Sync="TRUE">String</domfldtp></stflddd></stfield><stfield><stfldnm Sync="TRUE">AC_TYP_D</stfldnm><stflddd><domname Sync="TRUE">d_acctyp</domname><domdesc Sync="TRUE">type list - aircraft</domdesc><domtype Sync="TRUE">Coded Value</domtype><mrgtype Sync="TRUE">Default value</mrgtype><splttype Sync="TRUE">Duplicate</splttype><domowner Sync="TRUE">FTQW</domowner><domfldtp Sync="TRUE">String</domfldtp></stflddd></stfield><stfield><stfldnm Sync="TRUE">AC_AFFIL_D</stfldnm><stflddd><domname Sync="TRUE">d_accaff</domname><domdesc Sync="TRUE">aircraft - affiliation</domdesc><domtype Sync="TRUE">Coded Value</domtype><mrgtype Sync="TRUE">Default value</mrgtype><splttype Sync="TRUE">Duplicate</splttype><domowner Sync="TRUE">FTQW</domowner><domfldtp Sync="TRUE">String</domfldtp></stflddd></stfield><stfield><stfldnm Sync="TRUE">AREA_U_D</stfldnm><stflddd><domname Sync="TRUE">d_uomare</domname><domdesc Sync="TRUE">unit of measure - area</domdesc><domtype Sync="TRUE">Coded Value</domtype><mrgtype Sync="TRUE">Default value</mrgtype><splttype Sync="TRUE">Duplicate</splttype><domowner Sync="TRUE">FTQW</domowner><domfldtp Sync="TRUE">String</domfldtp></stflddd></stfield><stfield><stfldnm Sync="TRUE">PERIM_U_D</stfldnm><stflddd><domname Sync="TRUE">d_uomdis</domname><domdesc Sync="TRUE">unit of measure - distance</domdesc><domtype Sync="TRUE">Coded Value</domtype><mrgtype Sync="TRUE">Default value</mrgtype><splttype Sync="TRUE">Duplicate</splttype><domowner Sync="TRUE">FTQW</domowner><domfldtp Sync="TRUE">String</domfldtp></stflddd></stfield><stfield><stfldnm Sync="TRUE">MILSPC_D</stfldnm><stflddv Sync="TRUE">GENERAL</stflddv><stflddd><domname Sync="TRUE">d_milspc</domname><domdesc Sync="TRUE">military - airspace</domdesc><domtype Sync="TRUE">Coded Value</domtype><mrgtype Sync="TRUE">Default value</mrgtype><splttype Sync="TRUE">Duplicate</splttype><domowner Sync="TRUE">FTQW</domowner><domfldtp Sync="TRUE">String</domfldtp></stflddd></stfield><stfield><stfldnm Sync="TRUE">AIRDIS_D</stfldnm><stflddd><domname Sync="TRUE">d_airdis</domname><domdesc Sync="TRUE">disposition - airspace</domdesc><domtype Sync="TRUE">Coded Value</domtype><mrgtype Sync="TRUE">Default value</mrgtype><splttype Sync="TRUE">Duplicate</splttype><domowner Sync="TRUE">FTQW</domowner><domfldtp Sync="TRUE">String</domfldtp></stflddd></stfield><stfield><stfldnm Sync="TRUE">ALT_U_D</stfldnm><stflddd><domname Sync="TRUE">d_uomdis</domname><domdesc Sync="TRUE">unit of measure - distance</domdesc><domtype Sync="TRUE">Coded Value</domtype><mrgtype Sync="TRUE">Default value</mrgtype><splttype Sync="TRUE">Duplicate</splttype><domowner Sync="TRUE">FTQW</domowner><domfldtp Sync="TRUE">String</domfldtp></stflddd></stfield></subtype><subtype><stname Sync="TRUE">RESTRICTED</stname><stcode Sync="TRUE">208773</stcode><stfield><stfldnm Sync="TRUE">OPS_U_D</stfldnm><stflddd><domname Sync="TRUE">d_uom</domname><domdesc Sync="TRUE">unit of measure</domdesc><domtype Sync="TRUE">Coded Value</domtype><mrgtype Sync="TRUE">Default value</mrgtype><splttype Sync="TRUE">Duplicate</splttype><domowner Sync="TRUE">FTQW</domowner><domfldtp Sync="TRUE">String</domfldtp></stflddd></stfield><stfield><stfldnm Sync="TRUE">OPS_TYP_D</stfldnm><stflddd><domname Sync="TRUE">d_opstyp</domname><domdesc Sync="TRUE">military - operations</domdesc><domtype Sync="TRUE">Coded Value</domtype><mrgtype Sync="TRUE">Default value</mrgtype><splttype Sync="TRUE">Duplicate</splttype><domowner Sync="TRUE">FTQW</domowner><domfldtp Sync="TRUE">String</domfldtp></stflddd></stfield><stfield><stfldnm Sync="TRUE">AC_TYP_D</stfldnm><stflddd><domname Sync="TRUE">d_acctyp</domname><domdesc Sync="TRUE">type list - aircraft</domdesc><domtype Sync="TRUE">Coded Value</domtype><mrgtype Sync="TRUE">Default value</mrgtype><splttype Sync="TRUE">Duplicate</splttype><domowner Sync="TRUE">FTQW</domowner><domfldtp Sync="TRUE">String</domfldtp></stflddd></stfield><stfield><stfldnm Sync="TRUE">AC_AFFIL_D</stfldnm><stflddd><domname Sync="TRUE">d_accaff</domname><domdesc Sync="TRUE">aircraft - affiliation</domdesc><domtype Sync="TRUE">Coded Value</domtype><mrgtype Sync="TRUE">Default value</mrgtype><splttype Sync="TRUE">Duplicate</splttype><domowner Sync="TRUE">FTQW</domowner><domfldtp Sync="TRUE">String</domfldtp></stflddd></stfield><stfield><stfldnm Sync="TRUE">AREA_U_D</stfldnm><stflddd><domname Sync="TRUE">d_uomare</domname><domdesc Sync="TRUE">unit of measure - area</domdesc><domtype Sync="TRUE">Coded Value</domtype><mrgtype Sync="TRUE">Default value</mrgtype><splttype Sync="TRUE">Duplicate</splttype><domowner Sync="TRUE">FTQW</domowner><domfldtp Sync="TRUE">String</domfldtp></stflddd></stfield><stfield><stfldnm Sync="TRUE">PERIM_U_D</stfldnm><stflddd><domname Sync="TRUE">d_uomdis</domname><domdesc Sync="TRUE">unit of measure - distance</domdesc><domtype Sync="TRUE">Coded Value</domtype><mrgtype Sync="TRUE">Default value</mrgtype><splttype Sync="TRUE">Duplicate</splttype><domowner Sync="TRUE">FTQW</domowner><domfldtp Sync="TRUE">String</domfldtp></stflddd></stfield><stfield><stfldnm Sync="TRUE">MILSPC_D</stfldnm><stflddv Sync="TRUE">RESTRICTED</stflddv><stflddd><domname Sync="TRUE">d_milspc</domname><domdesc Sync="TRUE">military - airspace</domdesc><domtype Sync="TRUE">Coded Value</domtype><mrgtype Sync="TRUE">Default value</mrgtype><splttype Sync="TRUE">Duplicate</splttype><domowner Sync="TRUE">FTQW</domowner><domfldtp Sync="TRUE">String</domfldtp></stflddd></stfield><stfield><stfldnm Sync="TRUE">AIRDIS_D</stfldnm><stflddd><domname Sync="TRUE">d_airdis</domname><domdesc Sync="TRUE">disposition - airspace</domdesc><domtype Sync="TRUE">Coded Value</domtype><mrgtype Sync="TRUE">Default value</mrgtype><splttype Sync="TRUE">Duplicate</splttype><domowner Sync="TRUE">FTQW</domowner><domfldtp Sync="TRUE">String</domfldtp></stflddd></stfield><stfield><stfldnm Sync="TRUE">ALT_U_D</stfldnm><stflddd><domname Sync="TRUE">d_uomdis</domname><domdesc Sync="TRUE">unit of measure - distance</domdesc><domtype Sync="TRUE">Coded Value</domtype><mrgtype Sync="TRUE">Default value</mrgtype><splttype Sync="TRUE">Duplicate</splttype><domowner Sync="TRUE">FTQW</domowner><domfldtp Sync="TRUE">String</domfldtp></stflddd></stfield></subtype><subtype><stname Sync="TRUE">NO_OVERFLIGHT</stname><stcode Sync="TRUE">204975</stcode><stfield><stfldnm Sync="TRUE">OPS_U_D</stfldnm><stflddd><domname Sync="TRUE">d_uom</domname><domdesc Sync="TRUE">unit of measure</domdesc><domtype Sync="TRUE">Coded Value</domtype><mrgtype Sync="TRUE">Default value</mrgtype><splttype Sync="TRUE">Duplicate</splttype><domowner Sync="TRUE">FTQW</domowner><domfldtp Sync="TRUE">String</domfldtp></stflddd></stfield><stfield><stfldnm Sync="TRUE">OPS_TYP_D</stfldnm><stflddd><domname Sync="TRUE">d_opstyp</domname><domdesc Sync="TRUE">military - operations</domdesc><domtype Sync="TRUE">Coded Value</domtype><mrgtype Sync="TRUE">Default value</mrgtype><splttype Sync="TRUE">Duplicate</splttype><domowner Sync="TRUE">FTQW</domowner><domfldtp Sync="TRUE">String</domfldtp></stflddd></stfield><stfield><stfldnm Sync="TRUE">AC_TYP_D</stfldnm><stflddd><domname Sync="TRUE">d_acctyp</domname><domdesc Sync="TRUE">type list - aircraft</domdesc><domtype Sync="TRUE">Coded Value</domtype><mrgtype Sync="TRUE">Default value</mrgtype><splttype Sync="TRUE">Duplicate</splttype><domowner Sync="TRUE">FTQW</domowner><domfldtp Sync="TRUE">String</domfldtp></stflddd></stfield><stfield><stfldnm Sync="TRUE">AC_AFFIL_D</stfldnm><stflddd><domname Sync="TRUE">d_accaff</domname><domdesc Sync="TRUE">aircraft - affiliation</domdesc><domtype Sync="TRUE">Coded Value</domtype><mrgtype Sync="TRUE">Default value</mrgtype><splttype Sync="TRUE">Duplicate</splttype><domowner Sync="TRUE">FTQW</domowner><domfldtp Sync="TRUE">String</domfldtp></stflddd></stfield><stfield><stfldnm Sync="TRUE">AREA_U_D</stfldnm><stflddd><domname Sync="TRUE">d_uomare</domname><domdesc Sync="TRUE">unit of measure - area</domdesc><domtype Sync="TRUE">Coded Value</domtype><mrgtype Sync="TRUE">Default value</mrgtype><splttype Sync="TRUE">Duplicate</splttype><domowner Sync="TRUE">FTQW</domowner><domfldtp Sync="TRUE">String</domfldtp></stflddd></stfield><stfield><stfldnm Sync="TRUE">PERIM_U_D</stfldnm><stflddd><domname Sync="TRUE">d_uomdis</domname><domdesc Sync="TRUE">unit of measure - distance</domdesc><domtype Sync="TRUE">Coded Value</domtype><mrgtype Sync="TRUE">Default value</mrgtype><splttype Sync="TRUE">Duplicate</splttype><domowner Sync="TRUE">FTQW</domowner><domfldtp Sync="TRUE">String</domfldtp></stflddd></stfield><stfield><stfldnm Sync="TRUE">MILSPC_D</stfldnm><stflddv Sync="TRUE">NO_OVERFLIGHT</stflddv><stflddd><domname Sync="TRUE">d_milspc</domname><domdesc Sync="TRUE">military - airspace</domdesc><domtype Sync="TRUE">Coded Value</domtype><mrgtype Sync="TRUE">Default value</mrgtype><splttype Sync="TRUE">Duplicate</splttype><domowner Sync="TRUE">FTQW</domowner><domfldtp Sync="TRUE">String</domfldtp></stflddd></stfield><stfield><stfldnm Sync="TRUE">AIRDIS_D</stfldnm><stflddd><domname Sync="TRUE">d_airdis</domname><domdesc Sync="TRUE">disposition - airspace</domdesc><domtype Sync="TRUE">Coded Value</domtype><mrgtype Sync="TRUE">Default value</mrgtype><splttype Sync="TRUE">Duplicate</splttype><domowner Sync="TRUE">FTQW</domowner><domfldtp Sync="TRUE">String</domfldtp></stflddd></stfield><stfield><stfldnm Sync="TRUE">ALT_U_D</stfldnm><stflddd><domname Sync="TRUE">d_uomdis</domname><domdesc Sync="TRUE">unit of measure - distance</domdesc><domtype Sync="TRUE">Coded Value</domtype><mrgtype Sync="TRUE">Default value</mrgtype><splttype Sync="TRUE">Duplicate</splttype><domowner Sync="TRUE">FTQW</domowner><domfldtp Sync="TRUE">String</domfldtp></stflddd></stfield></subtype><subtype><stname Sync="TRUE">PROHIBITED</stname><stcode Sync="TRUE">208836</stcode><stfield><stfldnm Sync="TRUE">OPS_U_D</stfldnm><stflddd><domname Sync="TRUE">d_uom</domname><domdesc Sync="TRUE">unit of measure</domdesc><domtype Sync="TRUE">Coded Value</domtype><mrgtype Sync="TRUE">Default value</mrgtype><splttype Sync="TRUE">Duplicate</splttype><domowner Sync="TRUE">FTQW</domowner><domfldtp Sync="TRUE">String</domfldtp></stflddd></stfield><stfield><stfldnm Sync="TRUE">OPS_TYP_D</stfldnm><stflddd><domname Sync="TRUE">d_opstyp</domname><domdesc Sync="TRUE">military - operations</domdesc><domtype Sync="TRUE">Coded Value</domtype><mrgtype Sync="TRUE">Default value</mrgtype><splttype Sync="TRUE">Duplicate</splttype><domowner Sync="TRUE">FTQW</domowner><domfldtp Sync="TRUE">String</domfldtp></stflddd></stfield><stfield><stfldnm Sync="TRUE">AC_TYP_D</stfldnm><stflddd><domname Sync="TRUE">d_acctyp</domname><domdesc Sync="TRUE">type list - aircraft</domdesc><domtype Sync="TRUE">Coded Value</domtype><mrgtype Sync="TRUE">Default value</mrgtype><splttype Sync="TRUE">Duplicate</splttype><domowner Sync="TRUE">FTQW</domowner><domfldtp Sync="TRUE">String</domfldtp></stflddd></stfield><stfield><stfldnm Sync="TRUE">AC_AFFIL_D</stfldnm><stflddd><domname Sync="TRUE">d_accaff</domname><domdesc Sync="TRUE">aircraft - affiliation</domdesc><domtype Sync="TRUE">Coded Value</domtype><mrgtype Sync="TRUE">Default value</mrgtype><splttype Sync="TRUE">Duplicate</splttype><domowner Sync="TRUE">FTQW</domowner><domfldtp Sync="TRUE">String</domfldtp></stflddd></stfield><stfield><stfldnm Sync="TRUE">AREA_U_D</stfldnm><stflddd><domname Sync="TRUE">d_uomare</domname><domdesc Sync="TRUE">unit of measure - area</domdesc><domtype Sync="TRUE">Coded Value</domtype><mrgtype Sync="TRUE">Default value</mrgtype><splttype Sync="TRUE">Duplicate</splttype><domowner Sync="TRUE">FTQW</domowner><domfldtp Sync="TRUE">String</domfldtp></stflddd></stfield><stfield><stfldnm Sync="TRUE">PERIM_U_D</stfldnm><stflddd><domname Sync="TRUE">d_uomdis</domname><domdesc Sync="TRUE">unit of measure - distance</domdesc><domtype Sync="TRUE">Coded Value</domtype><mrgtype Sync="TRUE">Default value</mrgtype><splttype Sync="TRUE">Duplicate</splttype><domowner Sync="TRUE">FTQW</domowner><domfldtp Sync="TRUE">String</domfldtp></stflddd></stfield><stfield><stfldnm Sync="TRUE">MILSPC_D</stfldnm><stflddv Sync="TRUE">PROHIBITED</stflddv><stflddd><domname Sync="TRUE">d_milspc</domname><domdesc Sync="TRUE">military - airspace</domdesc><domtype Sync="TRUE">Coded Value</domtype><mrgtype Sync="TRUE">Default value</mrgtype><splttype Sync="TRUE">Duplicate</splttype><domowner Sync="TRUE">FTQW</domowner><domfldtp Sync="TRUE">String</domfldtp></stflddd></stfield><stfield><stfldnm Sync="TRUE">AIRDIS_D</stfldnm><stflddd><domname Sync="TRUE">d_airdis</domname><domdesc Sync="TRUE">disposition - airspace</domdesc><domtype Sync="TRUE">Coded Value</domtype><mrgtype Sync="TRUE">Default value</mrgtype><splttype Sync="TRUE">Duplicate</splttype><domowner Sync="TRUE">FTQW</domowner><domfldtp Sync="TRUE">String</domfldtp></stflddd></stfield><stfield><stfldnm Sync="TRUE">ALT_U_D</stfldnm><stflddd><domname Sync="TRUE">d_uomdis</domname><domdesc Sync="TRUE">unit of measure - distance</domdesc><domtype Sync="TRUE">Coded Value</domtype><mrgtype Sync="TRUE">Default value</mrgtype><splttype Sync="TRUE">Duplicate</splttype><domowner Sync="TRUE">FTQW</domowner><domfldtp Sync="TRUE">String</domfldtp></stflddd></stfield></subtype><attr><attrlabl Sync="TRUE">SHAPE_AREA</attrlabl><attalias Sync="TRUE">SHAPE_AREA</attalias><attrtype Sync="TRUE">Double</attrtype><attwidth Sync="TRUE">19</attwidth><atprecis Sync="TRUE">0</atprecis><attscale Sync="TRUE">0</attscale><attrdef Sync="TRUE">Area of feature in internal units squared.</attrdef><attrdefs Sync="TRUE">Esri</attrdefs><attrdomv><udom Sync="TRUE">Positive real numbers that are automatically generated.</udom></attrdomv></attr><attr><attrlabl Sync="TRUE">SHAPE_LEN</attrlabl><attalias Sync="TRUE">SHAPE_LEN</attalias><attrtype Sync="TRUE">Double</attrtype><attwidth Sync="TRUE">19</attwidth><atprecis Sync="TRUE">0</atprecis><attscale Sync="TRUE">0</attscale></attr></detailed></eainfo><mdDateSt Sync="TRUE">20131211</mdDateSt><dataqual><attracc><attraccr>Relevant attributes recorded from available FAA text data for each SUA</attraccr></attracc><logic>Spatial data entered via keyboard from FAA publication</logic><lineage><srcinfo><typesrc>paper</typesrc></srcinfo><procstep><procdesc>Relevent Point data converted from GCS WGS84 points (DMS format) to DD format and entered into ARCGIS.  Each associated Polygon SUA was then Digitized (with Snapping) to the specified coordinates</procdesc><procdate>Not complete</procdate></procstep></lineage></dataqual></metadata>
